QUES 1,1480. Running Sum of 1d Array,https://leetcode.com/problems/running-sum-of-1d-array/,EASY
QUES 2,1470. Shuffle the Array,https://leetcode.com/problems/shuffle-the-array/,EASY
QUES 3,20. Valid Parentheses,https://leetcode.com/problems/valid-parentheses/,EASY
QUES 4,1827. Minimum Operations to Make the Array Increasing,https://leetcode.com/problems/minimum-operations-to-make-the-array-increasing/,EASY
QUES 5,1769. Minimum Number of Operations to Move All Balls to Each Box,https://leetcode.com/problems/minimum-number-of-operations-to-move-all-balls-to-each-box/,MEDIUM
QUES 6,1748. Sum of Unique Elements,https://leetcode.com/problems/sum-of-unique-elements/,EASY
QUES 7,1742. Maximum Number of Balls in a Box,https://leetcode.com/problems/maximum-number-of-balls-in-a-box/,EASY
QUES 8,1732. Find the Highest Altitude,https://leetcode.com/problems/find-the-highest-altitude/,EASY
QUES 9,1716. Calculate Money in Leetcode Bank,https://leetcode.com/problems/calculate-money-in-leetcode-bank/,EASY
QUES 10,1701. Average Waiting Time,https://leetcode.com/problems/average-waiting-time/,MEDIUM
QUES 11,1684. Count the Number of Consistent Strings,https://leetcode.com/problems/count-the-number-of-consistent-strings/,EASY
QUES 12,1678. Goal Parser Interpretation,https://leetcode.com/problems/goal-parser-interpretation/,EASY
QUES 13,1614. Maximum Nesting Depth of the Parentheses,https://leetcode.com/problems/maximum-nesting-depth-of-the-parentheses/,EASY
QUES 14,1518. Water Bottles,https://leetcode.com/problems/water-bottles/,EASY
QUES 15,1464. Maximum Product of Two Elements in an Array,https://leetcode.com/problems/maximum-product-of-two-elements-in-an-array/,EASY
QUES 16,1460. Make Two Arrays Equal by Reversing Sub-arrays,https://leetcode.com/problems/make-two-arrays-equal-by-reversing-sub-arrays/,EASY
QUES 17,1455. Check If a Word Occurs As a Prefix of Any Word in a Sentence,https://leetcode.com/problems/check-if-a-word-occurs-as-a-prefix-of-any-word-in-a-sentence/,EASY
QUES 18,1450. Number of Students Doing Homework at a Given Time,https://leetcode.com/problems/number-of-students-doing-homework-at-a-given-time/,EASY
QUES 19,1431. Kids With the Greatest Number of Candies,https://leetcode.com/problems/kids-with-the-greatest-number-of-candies/,EASY
QUES 20,1408. String Matching in an Array,https://leetcode.com/problems/string-matching-in-an-array/,EASY
QUES 21,1399. Count Largest Group,https://leetcode.com/problems/count-largest-group/,EASY
QUES 22,1380. Lucky Numbers in a Matrix,https://leetcode.com/problems/lucky-numbers-in-a-matrix/,EASY
QUES 23,1365. How Many Numbers Are Smaller Than the Current Number,https://leetcode.com/problems/how-many-numbers-are-smaller-than-the-current-number/,EASY
QUES 24,1351. Count Negative Numbers in a Sorted Matrix,https://leetcode.com/problems/count-negative-numbers-in-a-sorted-matrix/,EASY
QUES 25,1304. Find N Unique Integers Sum up to Zero,https://leetcode.com/problems/find-n-unique-integers-sum-up-to-zero/,EASY
QUES 26,1299. Replace Elements with Greatest Element on Right Side,https://leetcode.com/problems/replace-elements-with-greatest-element-on-right-side/,EASY
QUES 27,1217. Minimum Cost to Move Chips to The Same Position,https://leetcode.com/problems/minimum-cost-to-move-chips-to-the-same-position/,EASY
QUES 28,1200. Minimum Absolute Difference,https://leetcode.com/problems/minimum-absolute-difference/,EASY
QUES 29,1046. Last Stone Weight,https://leetcode.com/problems/last-stone-weight/,EASY
QUES 30,905. Sort Array By Parity,https://leetcode.com/problems/sort-array-by-parity/,EASY
QUES 31,821. Shortest Distance to a Character,https://leetcode.com/problems/shortest-distance-to-a-character/,EASY
QUES 32,784. Letter Case Permutation,https://leetcode.com/problems/letter-case-permutation/,MEDIUM
QUES 33,771. Jewels and Stones,https://leetcode.com/problems/jewels-and-stones/,EASY
QUES 34,628. Maximum Product of Three Numbers,https://leetcode.com/problems/maximum-product-of-three-numbers/,EASY
QUES 35,566. Reshape the Matrix,https://leetcode.com/problems/reshape-the-matrix/,EASY
QUES 36,551. Student Attendance Record I,https://leetcode.com/problems/student-attendance-record-i/,EASY
QUES 37,509. Fibonacci Number,https://leetcode.com/problems/fibonacci-number/,EASY
QUES 38,496. Next Greater Element I,https://leetcode.com/problems/next-greater-element-i/,EASY
QUES 39,448. Find All Numbers Disappeared in an Array,https://leetcode.com/problems/find-all-numbers-disappeared-in-an-array/,EASY
QUES 40,442. Find All Duplicates in an Array,https://leetcode.com/problems/find-all-duplicates-in-an-array/,MEDIUM
QUES 41,441. Arranging Coins,https://leetcode.com/problems/arranging-coins/,EASY
QUES 42,414. Third Maximum Number,https://leetcode.com/problems/third-maximum-number/,EASY
QUES 43,350. Intersection of Two Arrays II,https://leetcode.com/problems/intersection-of-two-arrays-ii/,EASY
QUES 44,349. Intersection of Two Arrays,https://leetcode.com/problems/intersection-of-two-arrays/,EASY
QUES 45,344. Reverse String,https://leetcode.com/problems/reverse-string/,EASY
QUES 46,215. Kth Largest Element in an Array,https://leetcode.com/problems/kth-largest-element-in-an-array/,MEDIUM
QUES 47,35. Search Insert Position,https://leetcode.com/problems/search-insert-position/,EASY
QUES 48,22. Generate Parentheses,https://leetcode.com/problems/generate-parentheses/,MEDIUM
QUES 49,53. Maximum Subarray,https://leetcode.com/problems/maximum-subarray/,EASY
QUES 50,78. Subsets,https://leetcode.com/problems/subsets/,MEDIUM
QUES 51,90. Subsets II,https://leetcode.com/problems/subsets-ii/,MEDIUM
QUES 52,784. Letter Case Permutation,https://leetcode.com/problems/letter-case-permutation/,MEDIUM
QUES 53,258. Add Digits,https://leetcode.com/problems/add-digits/,EASY
QUES 54,1331. Rank Transform of an Array,https://leetcode.com/problems/rank-transform-of-an-array/,EASY
QUES 55,118. Pascal's Triangle,https://leetcode.com/problems/pascals-triangle/,EASY
QUES 56,119. Pascal's Triangle II,https://leetcode.com/problems/pascals-triangle-ii/,EASY
QUES 57,1394. Find Lucky Integer in an Array,https://leetcode.com/problems/find-lucky-integer-in-an-array/,EASY
QUES 58,basic algo and maths,https://leetcode.com/problems/detect-pattern-of-length-m-repeated-k-or-more-times/,EASY
QUES 59,713. Subarray Product Less Than K,https://leetcode.com/problems/subarray-product-less-than-k/,MEDIUM
QUES 60,1290. Convert Binary Number in a Linked List to Integer,https://leetcode.com/problems/convert-binary-number-in-a-linked-list-to-integer/,EASY
QUES 61,152. Maximum Product Subarray,https://leetcode.com/problems/maximum-product-subarray/,MEDIUM
QUES 62,628. Maximum Product of Three Numbers,https://leetcode.com/problems/maximum-product-of-three-numbers/,EASY
QUES 63,1295. Find Numbers with Even Number of Digits,https://leetcode.com/problems/find-numbers-with-even-number-of-digits/,EASY
QUES 64,238. Product of Array Except Self,https://leetcode.com/problems/product-of-array-except-self/,MEDIUM
QUES 65,203. Remove Linked List Elements,https://leetcode.com/problems/remove-linked-list-elements/,EASY
QUES 66,237. Delete Node in a Linked List,https://leetcode.com/problems/delete-node-in-a-linked-list/,EASY
QUES 67,206. Reverse Linked List,https://leetcode.com/problems/reverse-linked-list/submissions/,EASY
QUES 68,234. Palindrome Linked List,https://leetcode.com/problems/palindrome-linked-list/,EASY
QUES 69,21. Merge Two Sorted Lists,https://leetcode.com/problems/merge-two-sorted-lists/,EASY
QUES 70,88. Merge Sorted Array,https://leetcode.com/problems/merge-sorted-array/,EASY
QUES 71,704. Binary Search,https://leetcode.com/problems/binary-search/,EASY
QUES 72,141. Linked List Cycle,https://leetcode.com/problems/linked-list-cycle/,EASY
QUES 73,977. Squares of a Sorted Array,https://leetcode.com/problems/squares-of-a-sorted-array/,EASY
QUES 74,125. Valid Palindrome,https://leetcode.com/problems/valid-palindrome/,EASY
QUES 75,680. Valid Palindrome II,https://leetcode.com/problems/valid-palindrome-ii/,EASY
QUES 76,1588. Sum of All Odd Length Subarrays,https://leetcode.com/problems/sum-of-all-odd-length-subarrays/,EASY
QUES 77,378. Kth Smallest Element in a Sorted Matrix,https://leetcode.com/problems/kth-smallest-element-in-a-sorted-matrix/,MEDIUM
QUES 78,718. Maximum Length of Repeated Subarray,https://leetcode.com/problems/maximum-length-of-repeated-subarray/,MEDIUM
QUES 79,485. Max Consecutive Ones,https://leetcode.com/problems/max-consecutive-ones/,EASY
QUES 80,209. Minimum Size Subarray Sum,https://leetcode.com/problems/minimum-size-subarray-sum/,MEDIUM
QUES 81,300. Longest Increasing Subsequence,https://leetcode.com/problems/longest-increasing-subsequence/,MEDIUM
QUES 82,1089. Duplicate Zeros,https://leetcode.com/problems/duplicate-zeros/,EASY
QUES 83,27. Remove Element,https://leetcode.com/problems/remove-element/submissions/,EASY
QUES 84,1925. Count Square Sum Triples,https://leetcode.com/problems/count-square-sum-triples/,EASY
QUES 85,26. Remove Duplicates from Sorted Array,https://leetcode.com/problems/remove-duplicates-from-sorted-array/,EASY
QUES 86,1346. Check If N and Its Double Exist,https://leetcode.com/problems/check-if-n-and-its-double-exist/,EASY
QUES 87,791. Custom Sort String,https://leetcode.com/problems/custom-sort-string/,MEDIUM
QUES 88,611. Valid Triangle Number,https://leetcode.com/problems/valid-triangle-number/,MEDIUM
QUES 89,287. Find the Duplicate Number,https://leetcode.com/problems/find-the-duplicate-number/,MEDIUM
QUES 90,268. Missing Number,https://leetcode.com/problems/missing-number/,EASY
QUES 91,136. Single Number,https://leetcode.com/problems/single-number/,EASY
QUES 92,643. Maximum Average Subarray I,https://leetcode.com/problems/maximum-average-subarray-i/,EASY
QUES 93,137. Single Number II,,
QUES 94,75. Sort Colors,https://leetcode.com/problems/sort-colors/,MEDIUM
QUES 95,189. Rotate Array,https://leetcode.com/problems/rotate-array/,MEDIUM
QUES 96,121. Best Time to Buy and Sell Stock,https://leetcode.com/problems/best-time-to-buy-and-sell-stock/,EASY
QUES 97,34. Find First and Last Position of Element in Sorted Array,https://leetcode.com/problems/find-first-and-last-position-of-element-in-sorted-array/,MEDIUM
QUES 98,1629. Slowest Key,https://leetcode.com/problems/slowest-key/,EASY
QUES 99,1991. Find the Middle Index in Array,https://leetcode.com/problems/find-the-middle-index-in-array/,EASY
QUES 100,1695. Maximum Erasure Value, ,MEDIUM
QUES 101,3. Longest Substring Without Repeating Characters,https://leetcode.com/problems/longest-substring-without-repeating-characters/,MEDIUM
QUES 102,941. Valid Mountain Array,https://leetcode.com/problems/valid-mountain-array/,EASY
QUES 103,848. Shifting Letters,https://leetcode.com/problems/shifting-letters/,MEDIUM
QUES 104,795. Number of Subarrays with Bounded Maximum,https://leetcode.com/problems/number-of-subarrays-with-bounded-maximum/,MEDIUM
QUES 105,283. Move Zeroes,https://leetcode.com/problems/move-zeroes/,EASY
QUES 106,1189. Maximum Number of Balloons,https://leetcode.com/problems/maximum-number-of-balloons/,EASY
QUES 107,1051. Height Checker,https://leetcode.com/problems/height-checker/,EASY
QUES 108,917. Reverse Only Letters,https://leetcode.com/problems/reverse-only-letters/,EASY
QUES 109,1980. Find Unique Binary String,https://leetcode.com/problems/find-unique-binary-string/,MEDIUM
QUES 110,978. Longest Turbulent Subarray,https://leetcode.com/problems/longest-turbulent-subarray/,MEDIUM
QUES 111,54. Spiral Matrix,https://leetcode.com/problems/spiral-matrix/,MEDIUM
QUES 112,59. Spiral Matrix II,https://leetcode.com/problems/spiral-matrix-ii/,MEDIUM
QUES 113,1. Two Sum,https://leetcode.com/problems/two-sum/,EASY
QUES 114,217. Contains Duplicate,https://leetcode.com/problems/contains-duplicate/,EASY
QUES 115,867. Transpose Matrix,https://leetcode.com/problems/transpose-matrix/,EASY
QUES 116,48. Rotate Image,https://leetcode.com/problems/rotate-image/,MEDIUM
QUES 117,66. Plus One,https://leetcode.com/problems/plus-one/,EASY
QUES 118,36. Valid Sudoku,https://leetcode.com/problems/valid-sudoku/,MEDIUM
QUES 119,1328. Break a Palindrome,https://leetcode.com/problems/break-a-palindrome/,MEDIUM
QUES 120,122. Best Time to Buy and Sell Stock II,https://leetcode.com/problems/best-time-to-buy-and-sell-stock-ii/,MEDIUM
QUES 121,1137. N-th Tribonacci Number,https://leetcode.com/problems/n-th-tribonacci-number/,EASY
QUES 122,7. Reverse Integer,https://leetcode.com/problems/reverse-integer/,EASY
QUES 123,387. First Unique Character in a String,https://leetcode.com/problems/first-unique-character-in-a-string/,EASY
QUES 124,242. Valid Anagram,https://leetcode.com/problems/valid-anagram/,EASY
QUES 125,451. Sort Characters By Frequency,https://leetcode.com/problems/sort-characters-by-frequency/,MEDIUM
QUES 126,922. Sort Array By Parity II,https://leetcode.com/problems/sort-array-by-parity-ii/,EASY
QUES 127,142. Linked List Cycle II,https://leetcode.com/problems/linked-list-cycle-ii/,MEDIUM
QUES 128,160. Intersection of Two Linked Lists,https://leetcode.com/problems/intersection-of-two-linked-lists/,EASY
QUES 129,19. Remove Nth Node From End of List,https://leetcode.com/problems/remove-nth-node-from-end-of-list/,MEDIUM
QUES 130,2022. Convert 1D Array Into 2D Array,https://leetcode.com/problems/convert-1d-array-into-2d-array/,EASY
QUES 131,2023. Number of Pairs of Strings With Concatenation Equal to Target,https://leetcode.com/problems/number-of-pairs-of-strings-with-concatenation-equal-to-target/,MEDIUM
QUES 132,55. Jump Game,https://leetcode.com/problems/jump-game/,MEDIUM
QUES 133,2. Add Two Numbers,https://leetcode.com/problems/add-two-numbers/,MEDIUM
QUES 134,61. Rotate List,https://leetcode.com/problems/add-two-numbers-ii/,MEDIUM
QUES 135,92. Reverse Linked List II,https://leetcode.com/problems/reverse-linked-list-ii/,MEDIUM
QUES 136,876. Middle of the Linked List,https://leetcode.com/problems/middle-of-the-linked-list/,EASY
QUES 137,1721. Swapping Nodes in a Linked List,https://leetcode.com/problems/swapping-nodes-in-a-linked-list/,MEDIUM
QUES 138,445. Add Two Numbers II,https://leetcode.com/problems/add-two-numbers-ii/,MEDIUM
QUES 139,328. Odd Even Linked List,https://leetcode.com/problems/odd-even-linked-list/,MEDIUM
QUES 140,83. Remove Duplicates from Sorted List,https://leetcode.com/problems/remove-duplicates-from-sorted-list/,EASY
QUES 141,1669. Merge In Between Linked Lists,https://leetcode.com/problems/merge-in-between-linked-lists/,MEDIUM
QUES 142,1019. Next Greater Node In Linked List,https://leetcode.com/problems/next-greater-node-in-linked-list/,MEDIUM
QUES 143,2032. Two Out of Three,https://leetcode.com/problems/two-out-of-three/,EASY
QUES 144,2034. Stock Price Fluctuation,https://leetcode.com/problems/stock-price-fluctuation/,MEDIUM
QUES 145,1979. Find Greatest Common Divisor of Array,https://leetcode.com/problems/find-greatest-common-divisor-of-array/,EASY
QUES 146,503. Next Greater Element II,https://leetcode.com/problems/next-greater-element-ii/,MEDIUM
QUES 147,24. Swap Nodes in Pairs,https://leetcode.com/problems/swap-nodes-in-pairs/,MEDIUM
QUES 148,82. Remove Duplicates from Sorted List II,https://leetcode.com/problems/remove-duplicates-from-sorted-list-ii/,MEDIUM
QUES 149,86. Partition List,https://leetcode.com/problems/partition-list/,MEDIUM
QUES 150,725. Split Linked List in Parts,https://leetcode.com/problems/split-linked-list-in-parts/,MEDIUM
QUES 151,143. Reorder List,https://leetcode.com/problems/reorder-list/,MEDIUM
QUES 152,1247. Minimum Swaps to Make Strings Equal,https://leetcode.com/problems/minimum-swaps-to-make-strings-equal/,MEDIUM
QUES 153,645. Set Mismatch,https://leetcode.com/problems/set-mismatch/,EASY
QUES 154,1472. Design Browser History,https://leetcode.com/problems/design-browser-history/,MEDIUM
QUES 155,560. Subarray Sum Equals K,https://leetcode.com/problems/subarray-sum-equals-k/,MEDIUM
QUES 156,144. Binary Tree Preorder Traversal,https://leetcode.com/problems/binary-tree-preorder-traversal/,EASY
QUES 157,94. Binary Tree Inorder Traversal,https://leetcode.com/problems/binary-tree-inorder-traversal/,EASY
QUES 158,145. Binary Tree Postorder Traversal,https://leetcode.com/problems/binary-tree-postorder-traversal/,EASY
QUES 159,102. Binary Tree Level Order Traversal,https://leetcode.com/problems/binary-tree-level-order-traversal/,MEDIUM
QUES 160,104. Maximum Depth of Binary Tree,https://leetcode.com/problems/maximum-depth-of-binary-tree/,EASY
QUES 161,110. Balanced Binary Tree,https://leetcode.com/problems/balanced-binary-tree/,EASY
QUES 162,543. Diameter of Binary Tree,https://leetcode.com/problems/diameter-of-binary-tree/,EASY
QUES 163,100. Same Tree,https://leetcode.com/problems/same-tree/,EASY
QUES 164,103. Binary Tree Zigzag Level Order Traversal,https://leetcode.com/problems/binary-tree-zigzag-level-order-traversal/,MEDIUM
QUES 165,124. Binary Tree Maximum Path Sum,https://leetcode.com/problems/binary-tree-maximum-path-sum/,HARD
QUES 166,987. Vertical Order Traversal of a Binary Tree,https://leetcode.com/problems/vertical-order-traversal-of-a-binary-tree/,HARD
QUES 167,226. Invert Binary Tree,https://leetcode.com/problems/invert-binary-tree/,EASY
QUES 168,199. Binary Tree Right Side View,https://leetcode.com/problems/binary-tree-right-side-view/,MEDIUM
QUES 169,112. Path Sum,https://leetcode.com/problems/path-sum/,EASY
QUES 170,113. Path Sum II,https://leetcode.com/problems/path-sum-ii/,MEDIUM
QUES 171,129. Sum Root to Leaf Numbers,https://leetcode.com/problems/sum-root-to-leaf-numbers/,MEDIUM
QUES 172,988. Smallest String Starting From Leaf,https://leetcode.com/problems/smallest-string-starting-from-leaf/,MEDIUM
QUES 173,257. Binary Tree Paths,https://leetcode.com/problems/binary-tree-paths/,EASY
QUES 174,101. Symmetric Tree,https://leetcode.com/problems/symmetric-tree/,EASY
QUES 175,15. 3Sum,https://leetcode.com/problems/3sum/,MEDIUM
QUES 176,236. Lowest Common Ancestor of a Binary Tree,https://leetcode.com/problems/lowest-common-ancestor-of-a-binary-tree/,MEDIUM
QUES 177,662. Maximum Width of Binary Tree,https://leetcode.com/problems/maximum-width-of-binary-tree/,MEDIUM
QUES 178,222. Count Complete Tree Nodes,https://leetcode.com/problems/count-complete-tree-nodes/,MEDIUM
QUES 179,863. All Nodes Distance K in Binary Tree,https://leetcode.com/problems/all-nodes-distance-k-in-binary-tree/,MEDIUM
QUES 180,105. Construct Binary Tree from Preorder and Inorder Traversal,https://leetcode.com/problems/construct-binary-tree-from-preorder-and-inorder-traversal/,MEDIUM
QUES 181,106. Construct Binary Tree from Inorder and Postorder Traversal,https://leetcode.com/problems/construct-binary-tree-from-inorder-and-postorder-traversal/,MEDIUM
QUES 182,297. Serialize and Deserialize Binary Tree,https://leetcode.com/problems/serialize-and-deserialize-binary-tree/,HARD
QUES 183,1091. Shortest Path in Binary Matrix,https://leetcode.com/problems/shortest-path-in-binary-matrix/,MEDIUM
QUES 184,1413. Minimum Value to Get Positive Step by Step Sum,https://leetcode.com/problems/minimum-value-to-get-positive-step-by-step-sum/,EASY
QUES 185,70. Climbing Stairs,https://leetcode.com/problems/climbing-stairs/,EASY
QUES 186,746. Min Cost Climbing Stairs,https://leetcode.com/problems/min-cost-climbing-stairs/,EASY
QUES 187,198. House Robber,https://leetcode.com/problems/house-robber/,MEDIUM
QUES 188,213. House Robber II,https://leetcode.com/problems/house-robber-ii/,MEDIUM
QUES 189,416. Partition Equal Subset Sum,https://leetcode.com/problems/partition-equal-subset-sum/,MEDIUM
QUES 190,494. Target Sum,https://leetcode.com/problems/target-sum/,MEDIUM
QUES 191,62. Unique Paths,https://leetcode.com/problems/unique-paths/,MEDIUM
QUES 192,63. Unique Paths II,https://leetcode.com/problems/unique-paths-ii/,MEDIUM
QUES 193,322. Coin Change,https://leetcode.com/problems/coin-change/,MEDIUM
QUES 194,518. Coin Change 2,https://leetcode.com/problems/coin-change-2/,MEDIUM
QUES 195,64. Minimum Path Sum,https://leetcode.com/problems/minimum-path-sum/,MEDIUM
QUES 196,114. Flatten Binary Tree to Linked List,https://leetcode.com/problems/flatten-binary-tree-to-linked-list/,MEDIUM
QUES 197,279. Perfect Squares,https://leetcode.com/problems/perfect-squares/,MEDIUM
QUES 198,123. Best Time to Buy and Sell Stock III,https://leetcode.com/problems/best-time-to-buy-and-sell-stock-iii/,HARD
QUES 199,188. Best Time to Buy and Sell Stock IV,https://leetcode.com/problems/best-time-to-buy-and-sell-stock-iv/,HARD
QUES 200,309. Best Time to Buy and Sell Stock with Cooldown,https://leetcode.com/problems/best-time-to-buy-and-sell-stock-with-cooldown/,MEDIUM
QUES 201,714. Best Time to Buy and Sell Stock with Transaction Fee,https://leetcode.com/problems/best-time-to-buy-and-sell-stock-with-transaction-fee/,MEDIUM
QUES 202,1770. Maximum Score from Performing Multiplication Operations,https://leetcode.com/problems/maximum-score-from-performing-multiplication-operations/,MEDIUM
QUES 203,931. Minimum Falling Path Sum,https://leetcode.com/problems/minimum-falling-path-sum/,MEDIUM
QUES 204,221. Maximal Square,https://leetcode.com/problems/maximal-square/,MEDIUM
QUES 205,1155. Number of Dice Rolls With Target Sum,https://leetcode.com/problems/number-of-dice-rolls-with-target-sum/,MEDIUM
QUES 206,132. Palindrome Partitioning II,https://leetcode.com/problems/palindrome-partitioning-ii/,HARD
QUES 207,131. Palindrome Partitioning,https://leetcode.com/problems/palindrome-partitioning/,MEDIUM
QUES 208,96. Unique Binary Search Trees,https://leetcode.com/problems/unique-binary-search-trees/,MEDIUM
QUES 209,337. House Robber III,https://leetcode.com/problems/house-robber-iii/,MEDIUM
QUES 210,2095. Delete the Middle Node of a Linked List,https://leetcode.com/problems/delete-the-middle-node-of-a-linked-list/,MEDIUM
QUES 211,563. Binary Tree Tilt,https://leetcode.com/problems/binary-tree-tilt/,EASY
QUES 212,1833. Maximum Ice Cream Bars,https://leetcode.com/problems/maximum-ice-cream-bars/,MEDIUM
QUES 213,45. Jump Game II,https://leetcode.com/problems/jump-game-ii/,MEDIUM
QUES 214,1306. Jump Game III,https://leetcode.com/problems/jump-game-iii/,MEDIUM
QUES 215,877. Stone Game,https://leetcode.com/problems/stone-game/,MEDIUM
QUES 216,1446. Consecutive Characters,https://leetcode.com/problems/consecutive-characters/,EASY
QUES 217,938. Range Sum of BST,https://leetcode.com/problems/range-sum-of-bst/,EASY
QUES 218,138. Copy List with Random Pointer,https://leetcode.com/problems/copy-list-with-random-pointer/,MEDIUM
QUES 219,25. Reverse Nodes in k-Group,https://leetcode.com/problems/reverse-nodes-in-k-group/,HARD
QUES 220,147. Insertion Sort List,https://leetcode.com/problems/insertion-sort-list/,MEDIUM
QUES 221,310. Minimum Height Trees,https://leetcode.com/problems/minimum-height-trees/,MEDIUM
QUES 222,148. Sort List,https://leetcode.com/problems/sort-list/,MEDIUM
QUES 223,902. Numbers At Most N Given Digit Set,https://leetcode.com/problems/numbers-at-most-n-given-digit-set/,HARD
QUES 224,2007. Find Original Array From Doubled Array,https://leetcode.com/problems/find-original-array-from-doubled-array/,MEDIUM
QUES 225,954. Array of Doubled Pairs,https://leetcode.com/problems/array-of-doubled-pairs/,MEDIUM
QUES 226,231. Power of Two,https://leetcode.com/problems/power-of-two/,EASY
QUES 227,394. Decode String,https://leetcode.com/problems/decode-string/,MEDIUM
QUES 228,2109. Adding Spaces to a String,https://leetcode.com/problems/adding-spaces-to-a-string/,MEDIUM
QUES 229,2104. Sum of Subarray Ranges,https://leetcode.com/problems/sum-of-subarray-ranges/,MEDIUM
QUES 230,1497. Check If Array Pairs Are Divisible by k,https://leetcode.com/problems/check-if-array-pairs-are-divisible-by-k/,MEDIUM
QUES 231,56. Merge Intervals,https://leetcode.com/problems/merge-intervals/,MEDIUM
QUES 232,525. Contiguous Array,https://leetcode.com/problems/contiguous-array/,MEDIUM
QUES 233,476. Number Complement,https://leetcode.com/problems/number-complement/,EASY
QUES 234,116. Populating Next Right Pointers in Each Node,https://leetcode.com/problems/populating-next-right-pointers-in-each-node/,MEDIUM
QUES 235,974. Subarray Sums Divisible by K,https://leetcode.com/problems/subarray-sums-divisible-by-k/,MEDIUM
QUES 236,992. Subarrays with K Different Integers,https://leetcode.com/problems/subarrays-with-k-different-integers/,HARD
QUES 237,1010. Pairs of Songs With Total Durations Divisible by 60,https://leetcode.com/problems/pairs-of-songs-with-total-durations-divisible-by-60/,MEDIUM
QUES 238,997. Find the Town Judge,https://leetcode.com/problems/find-the-town-judge/,EASY
QUES 239,1009. Complement of Base 10 Integer,https://leetcode.com/problems/complement-of-base-10-integer/,EASY
QUES 240,39. Combination Sum,https://leetcode.com/problems/combination-sum/,MEDIUM
QUES 241,1094. Car Pooling,https://leetcode.com/problems/car-pooling/,MEDIUM
QUES 242,382. Linked List Random Node,https://leetcode.com/problems/linked-list-random-node/,MEDIUM
QUES 243,51. N-Queens,https://leetcode.com/problems/n-queens/,HARD
QUES 244,52. N-Queens II,https://leetcode.com/problems/n-queens-ii/,HARD
QUES 245,17. Letter Combinations of a Phone Number,https://leetcode.com/problems/letter-combinations-of-a-phone-number/,MEDIUM
QUES 246,2129. Capitalize the Title,https://leetcode.com/problems/capitalize-the-title/,EASY
QUES 247,2130. Maximum Twin Sum of a Linked List,https://leetcode.com/problems/maximum-twin-sum-of-a-linked-list/,MEDIUM
QUES 248,1041. Robot Bounded In Circle,https://leetcode.com/problems/robot-bounded-in-circle/,MEDIUM
QUES 249,2131. Longest Palindrome by Concatenating Two Letter Words,https://leetcode.com/problems/longest-palindrome-by-concatenating-two-letter-words/,MEDIUM
QUES 250,37. Sudoku Solver,https://leetcode.com/problems/sudoku-solver/,HARD
QUES 251,67. Add Binary,https://leetcode.com/problems/add-binary/,EASY
QUES 252,1022. Sum of Root To Leaf Binary Numbers,https://leetcode.com/problems/sum-of-root-to-leaf-binary-numbers/,EASY
QUES 253,1448. Count Good Nodes in Binary Tree,https://leetcode.com/problems/count-good-nodes-in-binary-tree/,MEDIUM
QUES 254,49. Group Anagrams,https://leetcode.com/problems/group-anagrams/,MEDIUM
QUES 255,700. Search in a Binary Search Tree,https://leetcode.com/problems/search-in-a-binary-search-tree/,EASY
QUES 256,701. Insert into a Binary Search Tree,https://leetcode.com/problems/insert-into-a-binary-search-tree/,MEDIUM
QUES 257,559. Maximum Depth of N-ary Tree,https://leetcode.com/problems/maximum-depth-of-n-ary-tree/,EASY
QUES 258,452. Minimum Number of Arrows to Burst Balloons,https://leetcode.com/problems/minimum-number-of-arrows-to-burst-balloons/,MEDIUM
QUES 259,589. N-ary Tree Preorder Traversal,,EASY
QUES 260,617. Merge Two Binary Trees,https://leetcode.com/problems/merge-two-binary-trees/,EASY
QUES 261,849. Maximize Distance to Closest Person,https://leetcode.com/problems/maximize-distance-to-closest-person/,MEDIUM
QUES 262,290. Word Pattern,https://leetcode.com/problems/word-pattern/,EASY
QUES 263,590. N-ary Tree Postorder Traversal,https://leetcode.com/problems/n-ary-tree-postorder-traversal/,EASY
QUES 264,429. N-ary Tree Level Order Traversal,https://leetcode.com/problems/n-ary-tree-level-order-traversal/,MEDIUM
QUES 265,605. Can Place Flowers,https://leetcode.com/problems/can-place-flowers/,EASY
QUES 266,404. Sum of Left Leaves,https://leetcode.com/problems/sum-of-left-leaves/,EASY
QUES 267,437. Path Sum III,https://leetcode.com/problems/path-sum-iii/,MEDIUM
QUES 268,875. Koko Eating Bananas,https://leetcode.com/problems/koko-eating-bananas/,MEDIUM
QUES 269,993. Cousins in Binary Tree,https://leetcode.com/problems/cousins-in-binary-tree/,EASY
QUES 270,1302. Deepest Leaves Sum,https://leetcode.com/problems/deepest-leaves-sum/,MEDIUM
QUES 271,1291. Sequential Digits,https://leetcode.com/problems/sequential-digits/,MEDIUM
QUES 272,520. Detect Capital,https://leetcode.com/problems/detect-capital/,EASY
QUES 273,1305. All Elements in Two Binary Search Trees,https://leetcode.com/problems/all-elements-in-two-binary-search-trees/,MEDIUM
QUES 274,107. Binary Tree Level Order Traversal II,https://leetcode.com/problems/binary-tree-level-order-traversal-ii/,MEDIUM
QUES 275,653. Two Sum IV - Input is a BST,https://leetcode.com/problems/two-sum-iv-input-is-a-bst/,EASY
QUES 276,450. Delete Node in a BST,https://leetcode.com/problems/delete-node-in-a-bst/,MEDIUM
QUES 277,98. Validate Binary Search Tree,https://leetcode.com/problems/validate-binary-search-tree/,MEDIUM
QUES 278,230. Kth Smallest Element in a BST,https://leetcode.com/problems/kth-smallest-element-in-a-bst/,MEDIUM
QUES 279,235. Lowest Common Ancestor of a Binary Search Tree,https://leetcode.com/problems/lowest-common-ancestor-of-a-binary-search-tree/,EASY
QUES 280,108. Convert Sorted Array to Binary Search Tree,https://leetcode.com/problems/convert-sorted-array-to-binary-search-tree/,EASY
QUES 281,109. Convert Sorted List to Binary Search Tree,https://leetcode.com/problems/convert-sorted-list-to-binary-search-tree/,MEDIUM
QUES 282,1672. Richest Customer Wealth,https://leetcode.com/problems/richest-customer-wealth/,EASY
QUES 283,438. Find All Anagrams in a String,https://leetcode.com/problems/find-all-anagrams-in-a-string/,MEDIUM
QUES 284,454. 4Sum II,https://leetcode.com/problems/4sum-ii/,MEDIUM
QUES 285,1008. Construct Binary Search Tree from Preorder Traversal,https://leetcode.com/problems/construct-binary-search-tree-from-preorder-traversal/,MEDIUM
QUES 286,11. Container With Most Water,https://leetcode.com/problems/container-with-most-water/,MEDIUM
QUES 287,23. Merge k Sorted Lists,https://leetcode.com/problems/merge-k-sorted-lists/,HARD
QUES 288,80. Remove Duplicates from Sorted Array II,https://leetcode.com/problems/remove-duplicates-from-sorted-array-ii/,MEDIUM
QUES 289,389. Find the Difference,https://leetcode.com/problems/find-the-difference/,EASY
QUES 290,797. All Paths From Source to Target,https://leetcode.com/problems/all-paths-from-source-to-target/,MEDIUM
QUES 291,532. K-diff Pairs in an Array,https://leetcode.com/problems/k-diff-pairs-in-an-array/,MEDIUM
QUES 292,733. Flood Fill,https://leetcode.com/problems/flood-fill/,EASY
QUES 293,200. Number of Islands,https://leetcode.com/problems/number-of-islands/,MEDIUM
QUES 294,1971. Find if Path Exists in Graph,https://leetcode.com/problems/find-if-path-exists-in-graph/,EASY
QUES 295,567. Permutation in String,https://leetcode.com/problems/permutation-in-string/,MEDIUM
QUES 296,207. Course Schedule,https://leetcode.com/problems/course-schedule/,MEDIUM
QUES 297,1791. Find Center of Star Graph,https://leetcode.com/problems/find-center-of-star-graph/,EASY
QUES 298,1557. Minimum Number of Vertices to Reach All Nodes,https://leetcode.com/problems/minimum-number-of-vertices-to-reach-all-nodes/,MEDIUM
QUES 299,785. Is Graph Bipartite?,https://leetcode.com/problems/is-graph-bipartite/,MEDIUM
QUES 300,547. Number of Provinces,https://leetcode.com/problems/number-of-provinces/,MEDIUM
QUES 301,210. Course Schedule II,https://leetcode.com/problems/course-schedule-ii/,MEDIUM
QUES 302,402. Remove K Digits,https://leetcode.com/problems/remove-k-digits/,MEDIUM
QUES 303,1675. Minimize Deviation in Array,https://leetcode.com/problems/minimize-deviation-in-array/,MEDIUM
QUES 304,2176. Count Equal and Divisible Pairs in an Array,https://leetcode.com/problems/count-equal-and-divisible-pairs-in-an-array/,EASY
QUES 305,2177. Find Three Consecutive Integers That Sum to a Given Number,https://leetcode.com/problems/find-three-consecutive-integers-that-sum-to-a-given-number/,MEDIUM
QUES 306,2178. Maximum Split of Positive Even Integers,https://leetcode.com/problems/maximum-split-of-positive-even-integers/,MEDIUM
QUES 307,1288. Remove Covered Intervals,https://leetcode.com/problems/remove-covered-intervals/,MEDIUM
QUES 308,169. Majority Element,https://leetcode.com/problems/majority-element/,EASY
QUES 309,171. Excel Sheet Column Number,https://leetcode.com/problems/excel-sheet-column-number/,EASY